city,country,lat,lng,max_temp,humidity,clouds,wind_speed,date
busselton,AU,-33.65,115.3333,285.93,95,39,5.61,1611697788
xichang,CN,27.8964,102.2634,277.1,72,0,0.6,1611697789
pagudpud,PH,18.5616,120.7868,295.15,94,75,7.17,1611697789
klyuchi,RU,52.2667,79.1667,270.25,98,99,6.27,1611697790
rikitea,PF,-23.1203,-134.9692,299.86,70,64,4.87,1611697790
christchurch,NZ,-43.5333,172.6333,304.15,23,0,4.63,1611697791
kloulklubed,PW,7.0419,134.2556,300.58,73,100,7.7,1611697792
veraval,IN,20.9,70.3667,290.92,31,0,5.14,1611697792
atuona,PF,-9.8,-139.0333,298.91,76,1,7.84,1611697613
kulhudhuffushi,MV,6.6221,73.07,300.23,58,100,3.24,1611697793
ushuaia,AR,-54.8,-68.3,278.15,81,90,11.32,1611697599
upernavik,GL,72.7868,-56.1549,255.7,87,99,5.33,1611697795
puerto ayora,EC,-0.7393,-90.3518,298.71,92,56,4.02,1611697795
carnarvon,AU,-24.8667,113.6333,294.15,73,40,8.75,1611697796
aswan,EG,24.0934,32.907,288.65,29,18,3.32,1611697598
hobart,AU,-42.8794,147.3294,286.48,62,75,6.17,1611697797
teguldet,RU,57.3064,88.1667,242.7,85,100,3.41,1611697798
hermanus,ZA,-34.4187,19.2345,288.15,89,3,2.46,1611697798
saldanha,ZA,-33.0117,17.9442,291.15,77,9,5.14,1611697799
kahului,US,20.8947,-156.47,299.15,61,40,9.26,1611697659
cape town,ZA,-33.9258,18.4232,293.15,77,20,9.26,1611697690
pisco,PE,-13.7,-76.2167,298.33,59,34,4.73,1611697801
wilmington,US,34.2257,-77.9447,294.15,78,1,5.14,1611697526
sangar,RU,63.9242,127.4739,224.58,66,76,1.91,1611697802
goderich,CA,43.7501,-81.7165,270.15,86,100,4.12,1611697668
tibati,CM,6.4667,12.6333,294.36,24,27,1.67,1611697803
saint-augustin,CA,51.226,-58.6502,269.76,94,50,5.96,1611697804
qixingtai,CN,30.4135,111.8874,279.26,87,64,1.58,1611697805
saskylakh,RU,71.9167,114.0833,235.92,82,13,0.7,1611697805
lasa,IT,46.6166,10.7002,271.15,69,0,1.03,1611697806
troitskoye,RU,52.9821,84.6757,260.23,95,100,4.65,1611697806
narsaq,GL,60.9167,-46.05,261.07,79,0,4.88,1611697807
port alfred,ZA,-33.5906,26.891,293.71,95,90,0.45,1611697808
erenhot,CN,43.6475,111.9767,256.41,89,100,1.87,1611697808
ribeira grande,PT,38.5167,-28.7,291.15,88,75,9.26,1611697809
neftekumsk,RU,44.6667,44.9167,275.03,91,48,3.47,1611697809
castro,BR,-24.7911,-50.0119,292.81,91,100,1.59,1611697810
les cayes,HT,18.2,-73.75,299.13,66,76,2.94,1611697811
tulagi,SB,-9.0996,160.1476,301.62,79,93,8.05,1611697811
butaritari,KI,3.0707,172.7902,300.31,75,16,3.77,1611697812
albany,US,42.6001,-73.9662,270.37,75,100,3.98,1611697613
khasan,RU,42.4308,130.6434,266.76,82,0,6.59,1611697813
esperance,AU,-33.8667,121.9,290.15,77,75,6.69,1611697648
sardulgarh,IN,29.7,75.25,281.27,53,0,1.16,1611697814
khatanga,RU,71.9667,102.5,241.61,82,51,3.65,1611697815
petropavlovsk-kamchatskiy,RU,53.0452,158.6483,269.15,54,100,10.0,1611697815
nome,US,64.5011,-165.4064,262.15,85,90,1.42,1611697816
fortuna,US,40.5982,-124.1573,279.26,93,1,15.95,1611697817
jalu,LY,29.0331,21.5482,290.12,27,38,5.71,1611697817
bajil,YE,15.0584,43.2851,295.71,70,42,2.92,1611697818
galveston,US,29.3669,-94.9669,295.37,52,90,4.63,1611697818
victoria,HK,22.2855,114.1577,290.93,81,8,0.89,1611697437
makakilo city,US,21.3469,-158.0858,299.15,61,1,5.14,1611697819
javanrud,IR,34.7961,46.5172,275.16,78,43,0.99,1611697820
diglur,IN,18.55,77.6,292.71,54,2,1.58,1611697821
hilo,US,19.7297,-155.09,299.15,65,75,5.14,1611697821
orlik,RU,52.5178,99.825,242.0,75,100,1.01,1611697822
saint-jean-port-joli,CA,47.2171,-70.2658,268.15,79,48,2.06,1611697822
rongcheng,CN,30.634,117.8517,279.3,85,92,1.32,1611697823
kalmunai,LK,7.4167,81.8167,296.41,79,95,4.22,1611697824
new norfolk,AU,-42.7826,147.0587,286.48,48,8,1.79,1611697824
kapaa,US,22.0752,-159.319,297.59,83,90,8.75,1611697825
labuhan,ID,-6.8844,112.2051,298.26,86,91,4.54,1611697826
norman wells,CA,65.282,-126.8329,246.15,76,75,1.54,1611697826
tiksi,RU,71.6872,128.8694,235.01,83,99,1.36,1611697827
champerico,GT,14.3,-91.9167,297.59,79,0,3.92,1611697827
puerto colombia,CO,10.9878,-74.9547,300.68,68,0,11.56,1611697828
buala,SB,-8.145,159.5921,302.22,73,66,5.55,1611697829
antofagasta,CL,-23.65,-70.4,294.15,68,20,7.2,1611697739
sola,VU,-13.8833,167.55,300.15,83,90,3.09,1611697830
collie,AU,-33.3667,116.15,287.1,87,39,2.22,1611697830
egvekinot,RU,66.3167,-179.1667,246.38,87,66,4.72,1611697831
vila velha,BR,-20.3297,-40.2925,303.15,74,20,6.17,1611697702
east london,ZA,-33.0153,27.9116,296.71,79,100,4.77,1611697832
grindavik,IS,63.8424,-22.4338,270.15,50,0,7.2,1611697833
qaqortoq,GL,60.7167,-46.0333,261.82,82,0,4.56,1611697833
punta arenas,CL,-53.15,-70.9167,283.15,50,20,12.35,1611697745
sibolga,ID,1.7427,98.7792,297.71,81,100,1.47,1611697834
san cristobal,VE,7.7669,-72.225,297.81,54,24,1.71,1611697835
qaanaaq,GL,77.484,-69.3632,246.92,65,0,3.32,1611697836
ilulissat,GL,69.2167,-51.1,257.21,93,100,1.01,1611697649
san vicente,AR,-26.6167,-54.1333,295.41,94,95,2.21,1611697837
lompoc,US,34.6391,-120.4579,285.15,47,1,5.66,1611697837
nikolskoye,RU,59.7035,30.7861,275.15,87,75,3.0,1611697838
tura,IN,25.5198,90.2201,285.69,64,0,1.16,1611697839
bucerias,MX,20.75,-105.3333,296.48,73,11,3.13,1611697839
akyab,MM,20.15,92.9,289.98,52,1,4.36,1611697840
la romana,DO,18.4273,-68.9728,297.12,84,53,4.91,1611697687
evensk,RU,61.95,159.2333,255.24,86,97,5.64,1611697841
lebu,CL,-37.6167,-73.65,288.1,67,12,8.34,1611697625
kihei,US,20.785,-156.4656,299.15,61,40,9.26,1611697842
nanortalik,GL,60.1432,-45.2371,263.99,83,0,3.78,1611697843
san antonio,US,29.4241,-98.4936,298.15,19,1,4.12,1611697556
kandrian,PG,-6.2167,149.55,301.08,76,93,2.94,1611697844
pringsewu,ID,-5.3582,104.9744,295.86,95,100,0.56,1611697845
severo-kurilsk,RU,50.6789,156.125,269.14,95,82,10.37,1611697845
tomino,ES,41.9877,-8.755,289.26,100,90,1.54,1611697846
komsomolskiy,UZ,40.4272,71.7189,268.15,80,12,2.06,1611697846
tuktoyaktuk,CA,69.4541,-133.0374,245.15,83,40,5.14,1611697847
cidreira,BR,-30.1811,-50.2056,298.12,86,70,5.16,1611697848
barrow,US,71.2906,-156.7887,249.15,70,1,2.57,1611697848
kununurra,AU,-15.7667,128.7333,298.15,92,100,3.24,1611697849
san isidro,PE,-12.1167,-77.05,296.48,72,98,2.24,1611697849
nanton,CA,50.3501,-113.7687,263.15,92,64,0.51,1611697850
pangnirtung,CA,66.1451,-65.7125,254.15,78,1,2.57,1611697851
bethel,US,41.3712,-73.414,270.37,86,90,4.12,1611697851
port stanley,FK,-51.7,-57.85,283.15,76,40,9.77,1611697852
vaini,TO,-21.2,-175.2,300.15,83,75,4.63,1611697852
port-gentil,GA,-0.7193,8.7815,300.15,89,20,2.57,1611697853
perelyub,RU,51.8667,50.3667,268.43,97,100,5.74,1611697854
svetlogorsk,BY,52.6333,29.7333,272.82,97,100,10.38,1611697854
mataura,NZ,-46.1927,168.8643,296.48,53,100,4.02,1611697855
salvador,SV,13.8333,-88.9167,302.15,48,40,2.06,1611697855
dikson,RU,73.5069,80.5464,241.67,85,100,2.81,1611697856
sumbawanga,TZ,-7.9667,31.6167,287.66,89,96,0.75,1611697857
rio grande,BR,-32.035,-52.0986,298.15,94,90,2.57,1611697756
talcahuano,CL,-36.7167,-73.1167,294.15,43,0,9.26,1611697858
san rafael del sur,NI,11.8485,-86.4384,304.49,48,12,6.68,1611697858
aklavik,CA,68.2191,-135.0107,249.15,84,68,1.54,1611697667
aktash,RU,50.3,87.7333,250.67,91,100,1.55,1611697859
ponta do sol,PT,32.6667,-17.1,287.59,73,31,0.89,1611697860
sakakah,SA,29.9697,40.2064,283.15,32,0,1.54,1611697685
broken hill,AU,-31.95,141.4333,289.15,82,0,5.66,1611697616
hithadhoo,MV,-0.6,73.0833,299.6,81,91,5.18,1611697600
mahebourg,MU,-20.4081,57.7,296.15,88,20,2.06,1611697862
rovaniemi,FI,66.5,25.7167,268.15,100,90,3.6,1611697863
husavik,IS,66.0449,-17.3389,268.15,74,90,5.14,1611697618
mondeville,FR,49.175,-0.3224,277.15,87,90,8.75,1611697864
saint-philippe,RE,-21.3585,55.7679,297.15,69,0,3.6,1611697598
yellowknife,CA,62.456,-114.3525,248.71,70,75,3.6,1611697685
whitehorse,CA,60.7161,-135.0538,256.15,71,75,3.09,1611697645
broome,US,42.2506,-75.833,270.93,86,90,6.17,1611697867
xixiang,CN,35.1628,112.865,276.82,67,100,1.08,1611697867
karratha,AU,-20.7377,116.8463,301.89,25,11,5.73,1611697621
laguna,US,38.421,-121.4238,283.15,53,20,4.63,1611697868
bubaque,GW,11.2833,-15.8333,298.73,76,0,6.08,1611697869
porto novo,BJ,6.4965,2.6036,302.15,79,47,5.14,1611697870
tarakan,ID,3.3,117.6333,298.18,86,60,4.51,1611697870
mishkino,RU,55.3389,63.9175,268.35,96,100,4.64,1611697871
san quintin,MX,30.4833,-115.95,286.81,52,3,7.65,1611697871
kaeo,NZ,-35.1,173.7833,297.04,70,3,0.45,1611697872
lata,PT,40.1629,-8.3327,288.15,96,100,0.45,1611697672
souillac,MU,-20.5167,57.5167,296.15,88,20,2.06,1611697608
tessalit,ML,20.1986,1.0114,292.43,20,0,4.47,1611697874
avarua,CK,-21.2078,-159.775,303.15,70,20,8.23,1611697874
ancud,CL,-41.8697,-73.8203,290.37,55,90,5.14,1611697875
huilong,CN,31.8111,121.655,280.37,87,23,0.89,1611697876
ocosingo,MX,17.0667,-92.25,301.04,40,0,2.36,1611697876
palana,RU,59.1167,159.9667,254.03,95,100,4.49,1611697877
pochutla,MX,15.7432,-96.4661,305.93,42,0,3.13,1611697877
kaitangata,NZ,-46.2817,169.8464,289.82,74,100,0.89,1611697878
zapolyarnyy,RU,69.4154,30.8136,266.15,79,75,7.72,1611697879
faanui,PF,-16.4833,-151.75,300.53,73,45,7.67,1611697641
ostrovnoy,RU,68.0531,39.5131,259.24,93,100,8.14,1611697880
kupang,ID,-10.1667,123.5833,298.15,94,75,2.57,1611697880
san juan,AR,-31.5375,-68.5364,308.02,16,1,6.99,1611697881
mar del plata,AR,-38.0023,-57.5575,298.15,78,0,2.57,1611697750
presidencia roque saenz pena,AR,-26.7852,-60.4388,302.59,68,67,0.89,1611697882
matara,LK,5.9485,80.5353,294.31,87,100,3.04,1611697883
bereda,ES,43.2686,-7.5406,287.04,100,100,3.13,1611697883
derzhavinsk,KZ,51.1,66.3167,270.67,98,95,6.78,1611697884
vardo,NO,70.3705,31.1107,270.15,86,75,13.89,1611697885
clyde river,CA,70.4692,-68.5914,258.15,78,20,12.35,1611697885
east moline,US,41.5009,-90.4443,271.15,69,75,3.6,1611697886
santiago del estero,AR,-27.7951,-64.2615,306.48,46,73,0.89,1611697882
jamestown,US,42.097,-79.2353,275.37,100,90,5.66,1611697887
dunedin,NZ,-45.8742,170.5036,294.83,47,81,3.55,1611697786
torbay,CA,47.6666,-52.7314,273.71,100,90,8.75,1611697888
anloga,GH,5.7947,0.8973,301.15,83,20,6.17,1611697889
lalin,ES,42.7167,-8.1167,287.04,100,90,3.6,1611697890
stornoway,GB,58.2093,-6.3865,278.15,81,20,2.57,1611697890
geraldton,AU,-28.7667,114.6,292.81,75,14,6.19,1611697606
bluff,NZ,-46.6,168.3333,296.48,53,100,4.02,1611697891
biak,ID,-0.9131,122.8766,297.93,74,100,2.55,1611697892
santa isabel do rio negro,BR,-0.4139,-65.0192,300.32,80,99,0.68,1611697892
dickinson,US,29.4608,-95.0513,297.15,29,75,5.14,1611697893
atasu,KZ,48.6814,71.6433,262.84,97,98,1.45,1611697894
mandalgovi,MN,45.7625,106.2708,252.79,79,100,4.31,1611697894
lagoa,PT,39.05,-27.9833,290.01,87,100,17.92,1611697895
morgan city,US,29.6994,-91.2068,293.15,77,90,4.63,1611697895
najran,SA,17.4924,44.1277,287.15,41,0,0.9,1611697793
nemsova,SK,48.967,18.1189,272.04,86,71,1.01,1611697897
anyama,CI,5.4946,-4.0518,300.15,94,98,2.57,1611697897
andrews,US,32.3187,-102.5457,286.15,30,1,8.23,1611697898
georgetown,MY,5.4112,100.3354,299.15,88,20,0.51,1611697898
saint george,US,37.1041,-113.5841,277.59,56,90,2.57,1611697608
san buenaventura,MX,27.0833,-101.5333,300.93,18,8,1.34,1611697900
brae,GB,60.3964,-1.353,272.15,80,56,0.51,1611697900
korla,CN,41.7597,86.1469,266.5,81,0,1.31,1611697821
bowen,AU,-20.0167,148.2333,298.15,94,75,3.09,1611697901
port hawkesbury,CA,45.6169,-61.3485,274.15,93,20,1.54,1611697902
imbituba,BR,-28.24,-48.6703,299.15,83,75,5.66,1611697903
srednekolymsk,RU,67.45,153.6833,237.91,83,100,4.74,1611697903
walvis bay,NA,-22.9575,14.5053,293.71,82,51,2.57,1611697904
chuy,UY,-33.6971,-53.4616,299.46,69,98,1.67,1611697904
winfield,US,37.2398,-96.9956,271.15,74,90,3.09,1611697532
challapata,BO,-18.9,-66.7667,286.99,37,66,6.49,1611697905
avallon,FR,47.4833,3.9,273.89,91,100,2.4,1611697906
pevek,RU,69.7008,170.3133,238.63,85,42,0.97,1611697635
mehamn,NO,71.0357,27.8492,270.15,68,90,9.26,1611697907
flinders,AU,-34.5833,150.8552,294.82,84,100,3.13,1611697660
bambous virieux,MU,-20.3428,57.7575,297.59,88,20,2.06,1611697909
cartagena,CO,10.3997,-75.5144,301.46,66,22,6.82,1611697627
mezen,RU,65.8522,44.24,265.38,97,100,3.82,1611697910
coihaique,CL,-45.5752,-72.0662,287.15,54,75,3.6,1611697652
sadat,IN,25.6833,83.2833,281.15,100,0,1.54,1611697911
vestmannaeyjar,IS,63.4427,-20.2734,273.36,87,100,9.96,1611697912
batemans bay,AU,-35.7167,150.1833,291.48,82,99,2.68,1611697912
aksarka,RU,66.5606,67.7975,238.24,82,2,4.31,1611697913
malgrat de mar,ES,41.6466,2.7414,281.48,93,0,0.51,1611697913
port hardy,CA,50.6996,-127.4199,279.15,81,75,11.32,1611697914
te anau,NZ,-45.4167,167.7167,291.09,73,99,4.68,1611697915
yasothon,TH,15.75,104.1333,294.82,73,39,5.23,1611697915
kuusamo,FI,65.9667,29.1833,267.15,100,90,2.06,1611697916
beipiao,CN,41.7919,120.7792,262.38,76,37,0.71,1611697916
kushmurun,KZ,52.4503,64.6311,266.95,96,78,3.92,1611697917
chokurdakh,RU,70.6333,147.9167,238.91,81,99,2.87,1611697918
hamilton,US,39.1834,-84.5333,280.37,76,90,4.63,1611697880
atambua,ID,-9.1061,124.8925,296.87,87,99,2.21,1611697919
wanaka,NZ,-44.7,169.15,293.01,57,100,5.93,1611697919
half moon bay,US,37.4636,-122.4286,284.26,71,20,7.2,1611697648
havelock,US,34.8791,-76.9013,289.26,94,90,3.6,1611697921
alofi,NU,-19.0595,-169.9187,299.15,89,90,3.6,1611697921
nanakuli,US,21.3906,-158.1547,299.15,61,1,5.14,1611697922
alyangula,AU,-13.8483,136.4192,298.15,100,40,4.96,1611697923
tabas,IR,33.5959,56.9244,278.15,20,3,2.06,1611697923
riyadh,SA,24.6877,46.7219,287.15,26,0,2.73,1611697665
camocim,BR,-2.9022,-40.8411,299.55,81,94,4.8,1611697924
grand-santi,GF,4.25,-54.3833,296.43,94,96,1.84,1611697946
tasiilaq,GL,65.6145,-37.6368,258.76,85,100,3.32,1611697947
altay,CN,47.8667,88.1167,252.81,74,14,1.45,1611697947
keetmanshoop,NA,-26.5833,18.1333,298.48,30,5,6.73,1611697948
axim,GH,4.8699,-2.2405,299.16,86,88,3.04,1611697948
tawang,IN,27.5833,91.8667,271.65,80,0,2.14,1611697949
talnakh,RU,69.4865,88.3972,242.71,81,100,3.86,1611697950
burnie,AU,-41.0667,145.9167,287.59,52,0,3.58,1611697950
mitsamiouli,KM,-11.3847,43.2844,300.36,67,29,0.89,1611697951
rudnya,RU,54.947,31.0934,272.19,99,94,5.33,1611697951
bonavista,CA,48.6499,-53.1147,274.26,86,100,3.09,1611697952
lavrentiya,RU,65.5833,-171.0,253.24,87,55,2.01,1611697953
leningradskiy,RU,69.3833,178.4167,244.9,86,99,3.86,1611697953
dullewala,PK,31.8359,71.4362,283.76,39,0,2.28,1611697954
bontang,ID,0.1333,117.5,298.09,84,100,2.53,1611697954
santa rosa,PH,14.3122,121.1114,299.15,89,75,0.51,1611697632
prince george,CA,53.9166,-122.753,271.48,86,1,1.54,1611697955
kosh-agach,RU,50.0,88.6667,245.03,83,83,1.11,1611697956
zemen,BG,42.4789,22.7492,272.59,93,90,5.66,1611697957
grand gaube,MU,-20.0064,57.6608,297.59,77,47,1.34,1611697957
zastron,ZA,-30.3023,27.084,289.97,95,100,0.92,1611697958
xinmin,CN,41.9908,122.8253,256.15,85,90,1.0,1611697958
bjornevatn,NO,69.6672,29.9847,266.15,79,75,7.72,1611697959
baruun-urt,MN,46.6806,113.2792,247.25,82,58,3.63,1611697960
phitsanulok,TH,16.9167,100.5,294.1,55,18,1.21,1611697960
yambio,SS,4.5721,28.3955,298.01,41,72,0.4,1611697961
port elizabeth,ZA,-33.918,25.5701,293.15,94,90,4.12,1611697961
raudeberg,NO,61.9875,5.1352,272.15,93,20,3.6,1611697962
bin qirdan,TN,33.1378,11.2197,285.52,53,26,7.0,1611697963
luderitz,NA,-26.6481,15.1594,292.95,61,55,11.4,1611697963
kalmar,SE,56.6616,16.3616,270.93,86,97,4.12,1611697985
quelimane,MZ,-17.8786,36.8883,300.15,89,20,0.35,1611697985
sosnovo,RU,60.5514,30.2144,274.82,90,100,2.45,1611697986
key largo,US,25.0865,-80.4473,298.15,89,3,3.57,1611697756
mae hong son,TH,19.3003,97.9685,288.88,55,8,0.66,1611697987
tsybuliv,UA,49.0766,29.8461,272.31,94,100,2.33,1611697988
joensuu,FI,62.6012,29.7632,274.26,100,90,2.57,1611697988
klaksvik,FO,62.2266,-6.589,273.15,64,17,5.66,1611697989
mitchell,US,43.7094,-98.0298,266.15,53,90,3.09,1611697990
zhanaozen,KZ,43.3,52.8,271.2,80,3,7.63,1611697990
richards bay,ZA,-28.783,32.0377,298.89,86,100,3.54,1611697991
quesnel,CA,52.9999,-122.5029,272.15,69,1,1.54,1611697991
blackwater,AU,-23.5833,148.8833,299.23,62,0,3.08,1611697992
hambantota,LK,6.1241,81.1185,295.77,76,100,6.31,1611697993
kutum,SD,14.2,24.6667,287.1,31,7,1.08,1611697993
isangel,VU,-19.55,169.2667,301.15,78,75,5.14,1611697994
chapais,CA,49.7834,-74.8492,264.15,79,90,2.06,1611697994
hovd,MN,48.0056,91.6419,252.98,79,0,0.32,1611697995
stara vyzhivka,UA,51.4376,24.44,271.67,97,100,6.97,1611697996
svetlaya,RU,46.5389,138.3297,270.37,97,100,4.46,1611697996
bata,GQ,1.8639,9.7658,300.15,94,40,2.76,1611697997
beloha,MG,-25.1667,45.05,296.55,84,32,3.97,1611697997
nemuro,JP,43.3236,145.575,272.83,99,100,10.36,1611697998
owando,CG,-0.4819,15.8999,295.82,92,30,0.79,1611697999
ede,NL,52.0333,5.6583,277.04,93,90,3.6,1611697910
kavieng,PG,-2.5744,150.7967,302.07,74,100,4.16,1611698000
acapulco,MX,16.8634,-99.8901,301.47,60,2,3.56,1611697959
kodiak,US,57.79,-152.4072,276.15,60,1,3.59,1611698001
ailigandi,PA,9.2333,-78.0167,300.28,78,33,3.79,1611698001
sao filipe,CV,14.8961,-24.4956,296.67,66,0,1.8,1611698002
leh,IN,34.1667,77.5833,255.8,65,4,0.5,1611698003
tromso,NO,69.6496,18.957,267.04,86,0,1.54,1611698003
wanning,CN,18.8003,110.3967,291.01,92,9,1.5,1611698004
codrington,AU,-38.2667,141.9667,287.01,67,100,7.68,1611698004
guerrero negro,MX,27.9769,-114.0611,289.53,48,0,8.37,1611698005
kargil,IN,34.5667,76.1,248.66,66,1,0.7,1611698006
hasaki,JP,35.7333,140.8333,280.37,100,75,1.03,1611698006
dole,FR,47.0833,5.5,273.15,93,100,1.54,1611698005
sobradinho,BR,-12.8333,-39.1,296.18,84,98,2.35,1611698007
nagato,JP,34.3833,131.2,283.15,81,75,2.57,1611698008
nurota,UZ,40.5614,65.6886,270.15,86,0,2.06,1611697752
kondinskoye,RU,59.6481,67.41,271.7,98,99,5.67,1611698009
taoudenni,ML,22.6783,-3.9836,295.31,20,0,5.99,1611698010
boundiali,CI,9.5217,-6.4869,296.43,20,0,0.78,1611698010
bilma,NE,18.6853,12.9164,290.14,22,0,2.59,1611698011
kuybyshevskiy zaton,RU,55.1593,49.1701,268.15,86,90,7.0,1611698011
iqaluit,CA,63.7506,-68.5145,254.26,71,1,8.23,1611698012
aksha,RU,50.2814,113.2867,249.37,82,10,3.53,1611698013
vila,PT,42.0304,-8.1588,285.37,97,99,3.13,1611698013
krasnozerskoye,RU,53.9828,79.2374,266.04,97,100,4.84,1611698014
churapcha,RU,62.0025,132.4325,225.25,70,84,1.84,1611698014
kruisfontein,ZA,-34.0033,24.7314,294.82,82,91,3.11,1611698015
kasongo-lunda,CD,-6.4667,16.8167,294.04,94,69,0.61,1611698016
sukpak,RU,51.6667,94.6333,246.24,86,100,0.69,1611698016
hutchinson,US,38.0608,-97.9298,269.15,74,90,4.12,1611697744
arica,CL,-18.475,-70.3042,295.15,73,0,6.17,1611698017
naze,JP,28.3667,129.4833,289.15,94,75,1.54,1611698018
balikpapan,ID,-1.2675,116.8289,296.79,91,100,1.87,1611698019
havre-saint-pierre,CA,50.2334,-63.5986,272.15,69,90,3.6,1611698019
athabasca,CA,54.7169,-113.2854,255.15,71,100,4.63,1611697871
kirovskiy,RU,45.0917,133.5136,257.96,94,92,1.98,1611698021
santa cruz de tenerife,ES,28.4682,-16.2546,289.82,72,0,3.09,1611698021
pelym,RU,61.0108,61.9978,267.34,95,44,2.91,1611698022
vila franca do campo,PT,37.7167,-25.4333,289.82,94,75,6.69,1611698022
diffa,NE,13.3154,12.6113,295.28,19,28,3.96,1611698023
dno,RU,57.8277,29.9637,273.84,97,100,3.19,1611698024
port lincoln,AU,-34.7333,135.8667,290.28,74,98,6.13,1611698024
lafiagi,NG,8.8667,5.4167,302.14,15,18,1.57,1611698025
ronne,DK,55.1009,14.7066,274.15,80,75,5.66,1611698025
thompson,CA,55.7435,-97.8558,253.15,65,75,3.09,1611698026
itatskiy,RU,56.07,89.0369,245.16,85,92,3.59,1611698027
itarema,BR,-2.9248,-39.9167,299.92,80,100,6.36,1611698027
kyren,RU,51.6828,102.1408,247.11,74,86,0.53,1611698028
acarau,BR,-2.8856,-40.12,300.0,80,100,6.95,1611698028
ketchikan,US,55.3422,-131.6461,274.15,60,1,2.57,1611698013
maningrida,AU,-12.0667,134.2667,299.67,85,95,4.42,1611698029
zyryanka,RU,65.75,150.85,238.02,83,100,4.64,1611698030
baley,RU,51.6,116.6333,248.41,91,100,1.65,1611698031
kirakira,SB,-10.4544,161.9205,302.2,76,58,6.41,1611698031
lewistown,US,40.5992,-77.5714,273.71,100,90,1.54,1611698032
camacha,PT,33.0833,-16.3333,290.15,77,40,4.63,1611698032
bredasdorp,ZA,-34.5322,20.0403,290.15,77,13,0.51,1611698033
huntington,US,38.4193,-82.4452,286.48,54,75,3.6,1611698003
hofn,IS,64.2539,-15.2082,269.63,89,50,11.5,1611698034
plettenberg bay,ZA,-34.0527,23.3716,292.91,81,17,1.79,1611698035
bundaberg,AU,-24.85,152.35,300.93,83,22,3.6,1611698035
grants,US,35.1473,-107.8514,270.15,59,40,9.77,1611698036
kudahuvadhoo,MV,2.6708,72.8944,300.32,76,100,6.3,1611698037
boditi,ET,6.9667,37.8667,287.02,33,10,3.15,1611698037
bathsheba,BB,13.2167,-59.5167,300.15,65,40,7.72,1611698038
la ronge,CA,55.1001,-105.2842,244.15,69,37,1.54,1611697790
dori,BF,14.0354,-0.0345,295.82,15,29,4.46,1611698039
senno,RU,59.5336,33.9167,273.71,91,100,0.89,1611698039
los llanos de aridane,ES,28.6585,-17.9182,291.15,72,20,4.63,1611698040
khash,IR,28.2211,61.2158,275.92,54,0,1.31,1611698041
amalapuram,IN,16.5833,82.0167,291.97,93,42,0.8,1611697808
valera,VE,9.3178,-70.6036,299.42,59,18,0.84,1611698042
oktyabrskoye,RU,43.0645,44.7417,269.15,93,78,4.0,1611698042
deputatskiy,RU,69.3,139.9,232.93,83,100,1.35,1611698043
liberty,US,31.8335,-81.5004,296.15,78,75,4.63,1611698044
mount gambier,AU,-37.8333,140.7667,286.15,62,90,4.63,1611698044
monte patria,CL,-30.6919,-70.9467,300.01,31,1,3.34,1611698045
la asuncion,VE,11.0333,-63.8628,298.34,81,100,7.19,1611698045
gamba,GA,-2.65,10.0,298.27,91,83,1.57,1611698046
muros,ES,42.7762,-9.0603,287.59,96,100,0.89,1611698047
ludvika,SE,60.1496,15.1878,264.26,92,1,2.57,1611697917
san patricio,US,28.017,-97.5169,299.26,61,75,4.12,1611698048
puerto carreno,CO,6.189,-67.4859,305.37,44,65,5.52,1611698048
college,US,64.8569,-147.8028,250.93,76,75,0.15,1611698049
saint andrews,US,34.0454,-81.1293,295.15,73,75,3.09,1611698050
sabha,LY,27.0377,14.4283,288.08,33,0,4.15,1611698050
cabra,ES,37.4725,-4.4421,288.15,100,90,1.03,1611698051
port hedland,AU,-20.3167,118.5667,296.15,88,21,3.09,1611698051
puerto escondido,MX,15.85,-97.0667,302.22,54,0,3.29,1611698006
birjand,IR,32.8663,59.2211,269.15,22,0,2.06,1611698052
arraial do cabo,BR,-22.9661,-42.0278,299.15,78,0,8.75,1611698053
zhigansk,RU,66.7697,123.3711,227.75,75,61,3.75,1611698054
takoradi,GH,4.8845,-1.7554,299.52,84,77,3.28,1611698054
agadez,NE,19.75,10.25,289.35,22,0,2.98,1611698055
whithorn,JM,18.2604,-78.0378,301.48,79,98,1.32,1611698056
ossora,RU,59.2353,163.0719,259.84,93,100,4.72,1611698056
bengkulu,ID,-3.8004,102.2655,296.52,90,100,2.21,1611698057
phan thiet,VN,10.9333,108.1,295.13,77,79,2.44,1611698057
provideniya,RU,64.3833,-173.3,259.15,78,75,5.0,1611698058
kitimat,CA,54.0524,-128.6534,271.48,80,56,2.63,1611698058
baft,IR,29.234,56.6057,275.56,67,0,1.59,1611698059
sabla,NG,12.7525,4.7077,296.61,18,13,4.03,1611698060
garden city,US,42.3256,-83.331,274.15,86,90,4.63,1611698060
haines junction,CA,60.7522,-137.5108,256.15,66,21,2.06,1611698061
vikhorevka,RU,56.1201,101.1636,239.26,75,85,2.0,1611698061
airai,TL,-8.9266,125.4092,288.73,100,99,1.37,1611698062
kiamba,PH,5.9894,124.6242,297.8,77,100,1.57,1611698063
palmer,US,42.1584,-72.3287,270.37,86,90,1.77,1611698063
talara,PE,-4.5772,-81.2719,298.29,69,40,7.65,1611698064
tilichiki,RU,60.4667,166.1,248.86,90,100,6.91,1611698064
umea,SE,63.8284,20.2597,265.15,86,75,3.09,1611698065
poum,NC,-20.2333,164.0167,300.16,74,100,5.8,1611698066
coquimbo,CL,-29.9533,-71.3436,292.15,68,75,5.66,1611698066
manaus,BR,-3.1019,-60.025,297.15,94,75,2.57,1611698067
rawah,IQ,34.4816,41.9093,282.7,47,100,0.84,1611698067
padang,ID,-0.9492,100.3543,297.15,88,20,1.03,1611698050
cascais,PT,38.6979,-9.4215,288.15,22,99,2.24,1611698069
beringovskiy,RU,63.05,179.3167,251.01,90,99,6.7,1611698069
constitucion,CL,-35.3333,-72.4167,290.96,56,0,7.53,1611698070
peniche,PT,39.3558,-9.3811,288.15,95,100,4.02,1611697846
manjacaze,MZ,-24.7117,33.8828,296.71,93,100,2.97,1611698071
maceio,BR,-9.6658,-35.7353,299.15,78,75,4.63,1611697792
namibe,AO,-15.1961,12.1522,298.1,74,2,2.7,1611698072
hostotipaquillo,MX,21.0667,-104.0667,299.26,21,9,3.2,1611698073
salalah,OM,17.0151,54.0924,293.15,68,0,2.57,1611698073
caravelas,BR,-17.7125,-39.2481,298.36,78,98,3.18,1611698074
inta,RU,66.0317,60.1659,241.7,84,92,4.74,1611698074
foshan,CN,23.0268,113.1315,290.37,67,75,3.0,1611698075
longyan,CN,25.1072,117.0225,283.51,86,15,0.98,1611698076
mont-de-marsan,FR,44.0,-0.6667,282.59,87,90,1.5,1611698076
ola,RU,59.5833,151.2833,250.83,85,95,4.84,1611698077
oranjemund,NA,-28.55,16.4333,290.13,87,65,6.26,1611698077
khromtau,KZ,50.2503,58.4347,263.84,98,75,2.81,1611698078
nuuk,GL,64.1835,-51.7216,267.04,73,98,4.02,1611698079
oshkosh,US,44.0247,-88.5426,269.15,68,90,7.2,1611697976
dingtao,CN,35.0683,115.5625,275.6,76,54,2.93,1611698080
sabang,ID,5.8933,95.3214,300.84,71,76,3.5,1611698080
zavodouspenskoye,RU,56.8626,65.0155,272.15,74,90,7.0,1611698081
praia,CV,14.9215,-23.5087,296.15,56,0,6.69,1611697939
alugan,PH,12.2188,125.4808,299.01,86,100,4.6,1611698082
yulara,AU,-25.2406,130.9889,297.15,83,90,3.09,1611698083
inverness,GB,57.4791,-4.224,274.26,100,40,0.67,1611698083
maldonado,UY,-34.6667,-54.9167,300.93,78,0,3.09,1611698084
paamiut,GL,61.994,-49.6678,264.46,79,52,4.52,1611698084
acari,PE,-15.4311,-74.6158,299.62,52,41,4.12,1611698085
sokoto,NG,13.0609,5.239,296.23,19,11,4.2,1611698086
samarai,PG,-10.6167,150.6667,301.35,72,100,2.64,1611698086
concepcion,CL,-36.827,-73.0498,294.15,43,0,9.26,1611697961
ukiah,US,39.1502,-123.2078,277.15,81,90,4.12,1611698087
clevelandia,BR,-26.3958,-52.4708,293.53,97,100,2.78,1611698088
locri,IT,38.2414,16.2623,284.26,40,75,7.72,1611698089
ahipara,NZ,-35.1667,173.1667,296.07,65,1,1.13,1611698089
gasa,PS,31.5,34.4667,284.82,76,0,1.54,1611698090
kamenka,RU,51.3223,42.7678,273.9,96,100,8.25,1611698090
warmbad,NA,-28.45,18.7333,297.8,30,13,7.25,1611698091
pimenta bueno,BR,-11.6725,-61.1936,300.78,83,94,1.57,1611698092
bulungu,CD,-4.55,18.6,294.91,91,74,0.26,1611697991
niamtougou,TG,9.7681,1.1053,299.15,12,0,3.6,1611698093
thetford mines,CA,46.0913,-71.3013,268.15,74,55,2.06,1611697994
bentiu,SS,9.2333,29.8333,298.26,27,0,1.92,1611698094
vawkavysk,BY,53.1561,24.4513,272.04,98,100,9.8,1611698095
sitka,US,57.0531,-135.33,275.15,55,20,2.95,1611698095
olavarria,AR,-36.8927,-60.3225,305.93,29,99,1.34,1611697813
jumla,NP,29.2747,82.1838,273.12,47,0,2.13,1611698096
nizwa,OM,22.9333,57.5333,286.8,63,64,0.33,1611698097
hobyo,SO,5.3505,48.5268,297.95,77,85,7.93,1611698097
nelson bay,AU,-32.7167,152.15,298.15,83,75,7.72,1611698098
staryy nadym,RU,65.6118,72.6842,240.25,86,93,4.13,1611698099
marsaxlokk,MT,35.8419,14.5431,284.26,46,20,9.26,1611698099
guarapari,BR,-20.6667,-40.4975,303.15,74,20,6.17,1611698019
morwa,IN,22.9,73.8333,286.82,36,0,4.34,1611698100
saint-joseph,RE,-21.3667,55.6167,297.15,69,0,3.6,1611698101
machico,PT,32.7,-16.7667,291.15,72,40,4.63,1611698102
chicama,PE,-7.8447,-79.1469,299.92,52,88,4.73,1611698102
jatiroto,ID,-7.8833,111.1167,296.53,86,100,0.61,1611698103
khanpur,PK,28.6453,70.6567,281.52,48,0,1.46,1611698104
imeni poliny osipenko,RU,52.4201,136.4853,248.64,89,100,4.79,1611698104
buyukcavuslu,TR,41.2423,28.0646,285.15,82,75,6.17,1611698105
turukhansk,RU,65.8167,87.9833,242.21,78,100,7.85,1611698106
ubinskoye,RU,55.3068,79.6802,260.5,95,100,5.46,1611698106
moose factory,CA,51.2585,-80.6094,260.15,78,90,1.54,1611698107
maridi,SS,4.9158,29.4742,298.15,43,37,1.06,1611698109
manuk mangkaw,PH,4.8,119.85,299.95,82,99,5.41,1611698109
hwange,ZW,-18.3693,26.5019,292.58,97,98,1.9,1611698110
luba,GQ,3.4568,8.5547,301.15,100,20,4.12,1611698110
abu kamal,SY,34.4506,40.9171,283.33,45,100,2.44,1611698111
byron bay,AU,-28.65,153.6167,297.15,83,9,3.07,1611697949
krasnoselkup,RU,65.7,82.4667,240.16,85,100,8.09,1611698112
inongo,CD,-1.95,18.2667,297.5,81,96,1.35,1611698113
novolugovoye,RU,54.9792,83.1138,255.15,85,90,4.0,1611698114
payo,ID,-3.7508,103.6372,295.5,97,100,0.7,1611698114
carlsbad,US,33.1581,-117.3506,287.15,38,1,2.57,1611697431
port macquarie,AU,-31.4333,152.9167,299.82,84,4,0.77,1611698115
laramie,US,41.3114,-105.5911,265.37,85,40,9.77,1611698116
sovetskiy,RU,61.3614,63.5842,268.03,97,54,2.81,1611698117
khani,GE,41.9563,42.9566,283.15,37,0,5.66,1611698117
ormara,PK,25.2088,64.6357,291.51,57,0,2.61,1611698118
olafsvik,IS,64.8945,-23.7142,270.93,87,100,9.84,1611698118
perth,AU,-31.9333,115.8333,289.26,87,0,1.54,1611697575
tokur,RU,53.1333,132.9,244.82,89,100,1.88,1611698120
kavaratti,IN,10.5669,72.642,300.23,69,17,4.84,1611698120
atar,MR,20.5169,-13.0499,294.48,20,0,3.36,1611698121
katsuura,JP,35.1333,140.3,281.48,93,75,1.54,1611698122
mangai,CD,-4.05,19.5333,296.63,80,97,0.61,1611698102
gemena,CD,3.25,19.7667,296.52,74,43,1.08,1611698123
kroonstad,ZA,-27.6504,27.2349,293.15,87,98,2.33,1611698124
conceicao do araguaia,BR,-8.2578,-49.2647,298.77,83,100,1.42,1611698124
sao joao da barra,BR,-21.6403,-41.0511,301.15,65,0,9.26,1611698125
bud,US,39.447,-86.1758,274.82,88,100,5.37,1611698125
sheboygan,US,43.7333,-87.9334,270.15,63,90,5.14,1611698126
sobolevo,RU,54.4299,31.8996,272.42,98,100,10.39,1611698127
havoysund,NO,70.9963,24.6622,270.15,68,75,11.32,1611698127
xining,CN,36.6167,101.7667,262.36,78,23,0.81,1611698128
cururupu,BR,-1.8283,-44.8683,298.61,84,100,1.73,1611698128
alice springs,AU,-23.7,133.8833,298.15,88,90,3.6,1611698129
anqing,CN,30.5092,117.0506,278.89,87,29,2.23,1611697942
san jose de guanipa,VE,8.8872,-64.1651,301.95,51,48,5.92,1611698130
rawson,AR,-43.3002,-65.1023,291.31,43,81,6.52,1611697963
ponta delgada,PT,37.7333,-25.6667,289.82,94,75,6.69,1611698131
le pont-de-claix,FR,45.1244,5.7064,275.37,80,90,1.03,1611698132
ayan,RU,56.45,138.1667,250.08,87,100,3.9,1611698133
abalak,RU,58.1286,68.5944,270.11,98,100,5.12,1611698133
moses lake,US,47.1301,-119.2781,276.15,60,75,6.17,1611698134
salumbar,IN,24.1333,74.05,283.8,45,0,3.48,1611697888
gaomi,CN,36.3833,119.7528,276.48,93,36,0.76,1611698135
bayir,TR,37.2687,28.2167,290.15,55,75,10.29,1611698136
san carlos de bariloche,AR,-41.1456,-71.3082,291.48,29,40,9.26,1611697963
tuatapere,NZ,-46.1333,167.6833,296.48,53,92,4.02,1611698137
cherskiy,RU,68.75,161.3,233.34,78,64,0.76,1611698137
bosaso,SO,11.2842,49.1816,295.28,73,8,1.36,1611698138
port blair,IN,11.6667,92.75,298.05,84,3,3.5,1611698139
chkalovskoye,RU,44.8392,133.0436,258.41,92,31,2.58,1611698139
yaan,NG,7.3833,8.5667,299.72,16,51,0.32,1611698140
merrill,US,45.1805,-89.6835,267.59,58,40,4.12,1611698140
bundibugyo,UG,0.7414,30.0417,294.88,59,53,1.28,1611698141
jeremie,HT,18.65,-74.1167,299.39,66,66,1.58,1611698142
kaniama,CD,-7.5667,24.1833,291.93,92,99,1.62,1611698142
townsville,AU,-19.25,146.8,300.15,83,75,4.12,1611697871
adre,TD,13.4667,22.2,293.2,21,18,4.79,1611698143
port pirie,AU,-33.1833,138.0167,292.15,72,90,4.63,1611698144
ust-tsilma,RU,65.441,52.1498,253.47,91,100,3.23,1611698144
winnemucca,US,40.973,-117.7357,271.48,67,66,5.36,1611698145
northam,GB,51.0333,-4.2167,282.04,97,90,4.47,1611698146
itamarandiba,BR,-17.8572,-42.8589,292.66,93,7,2.29,1611697858
high rock,BS,26.6208,-78.2833,296.97,78,6,4.23,1611698147
bonthe,SL,7.5264,-12.505,298.95,82,0,3.83,1611698147
malinyi,TZ,-8.9333,36.1333,294.53,94,20,0.59,1611698148
indianola,US,41.3581,-93.5574,268.15,79,90,4.12,1611698149
ambon,ID,-3.6954,128.1814,300.15,78,40,2.06,1611698149
kemi,FI,65.8596,24.8228,270.15,100,90,2.57,1611698083
cabo san lucas,MX,22.8909,-109.9124,293.71,58,89,2.24,1611698150
coahuayana,MX,18.7333,-103.6833,301.06,52,55,2.41,1611698151
jasper,US,37.2001,-94.3502,274.15,75,90,4.63,1611697906
poso,ID,-1.3959,120.7524,297.59,82,100,1.54,1611698152
roma,US,43.2128,-75.4557,270.15,80,90,5.14,1611698045
dukat,RU,62.55,155.55,238.81,83,100,1.93,1611698154
irece,BR,-11.3042,-41.8558,297.97,53,42,6.88,1611698155
roald,NO,62.5833,6.1333,273.15,93,75,3.09,1611698156
rio gallegos,AR,-51.6226,-69.2181,286.15,24,40,13.89,1611698156
oranjestad,AW,12.524,-70.027,299.15,89,75,5.14,1611697930
